{"processing_start": 1586368940.5649085, "processing_end": 1586368953.1769464, "train_start": 1586368953.177001, "train_end": 1586369076.7000952}