{"processing_start": 1585871524.4250848, "processing_end": 1585871538.6102753, "train_start": 1585871538.6103344, "train_end": 1585871748.805991}