{"processing_start": 1586367354.421363, "processing_end": 1586367368.7553174, "train_start": 1586367368.755544, "train_end": 1586367571.5122395}