{"processing_start": 1585872419.2329051, "processing_end": 1585872433.6150782, "train_start": 1585872433.6151357, "train_end": 1585872679.8104918}