{"processing_start": 1585868896.510447, "processing_end": 1585868910.9502685, "train_start": 1585868910.9503615, "train_end": 1585869219.3514245}