{"processing_start": 1586301309.601373, "processing_end": 1586301318.997578, "train_start": 1586301318.9976032, "train_end": 1586305801.474286}