{"processing_start": 1586644317.350492, "processing_end": 1586644323.751931, "train_start": 1586644323.751953, "train_end": 1586644465.6266391}