{"processing_start": 1586370037.0330067, "processing_end": 1586370049.8408382, "train_start": 1586370049.840893, "train_end": 1586370134.5761397}