{"processing_start": 1586297314.5788596, "processing_end": 1586297330.1149397, "train_start": 1586297330.1150007, "train_end": 1586297583.5229552}