{"processing_start": 1586368617.4850519, "processing_end": 1586368632.2910306, "train_start": 1586368632.2910905, "train_end": 1586368865.5567992}