{"processing_start": 1586298382.8046925, "processing_end": 1586298400.8747923, "train_start": 1586298400.874853, "train_end": 1586298706.1623852}