{"processing_start": 1586369199.0054355, "processing_end": 1586369216.0234828, "train_start": 1586369216.0235288, "train_end": 1586369500.6550138}