{"processing_start": 1585860196.0699303, "processing_end": 1585860211.4754589, "train_start": 1585860211.4755166, "train_end": 1585860508.5930696}