{"processing_start": 1586299066.0981705, "processing_end": 1586299083.9696996, "train_start": 1586299083.9697602, "train_end": 1586299437.8498197}