{"processing_start": 1586368321.2006736, "processing_end": 1586368333.5398471, "train_start": 1586368333.5399036, "train_end": 1586368432.5816064}