{"processing_start": 1586286700.442564, "processing_end": 1586286710.508725, "train_start": 1586286710.5087843, "train_end": 1586286910.6203241}