{"processing_start": 1586286159.385539, "processing_end": 1586286168.6404417, "train_start": 1586286168.6405025, "train_end": 1586286342.3222945}