{"processing_start": 1586369729.3238356, "processing_end": 1586369738.447902, "train_start": 1586369738.4479616, "train_end": 1586369902.907705}