{"processing_start": 1586369592.5946245, "processing_end": 1586369599.9315984, "train_start": 1586369599.9316547, "train_end": 1586369672.9858525}