{"processing_start": 1585869315.8943286, "processing_end": 1585869330.2941506, "train_start": 1585869330.2942026, "train_end": 1585869593.7205768}