{"processing_start": 1586297869.553539, "processing_end": 1586297885.2981281, "train_start": 1586297885.2981873, "train_end": 1586298172.2141871}